{
  "GlobalConfiguration": {
    "BaseUrl": "http://localhost:55174"
  },
  "Routes": [
    {
      "DownstreamPathTemplate": "/api/user",
      "DownstreamScheme": "http",
      "DownstreamHostAndPorts": [
        {
          "Host": "localhost",
          "Port": "63742"
        }
      ],
      "UpstreamPathTemplate": "/user",
      "UpstreamHttpMethod": [ "GET","POST" ]
    },
    {
      "DownstreamPathTemplate": "/api/user/{id}",
      "DownstreamScheme": "http",
      "DownstreamHostAndPorts": [
        {
          "Host": "localhost",
          "Port": "63742"
        }
      ],
      "UpstreamPathTemplate": "/user/{id}",
      "UpstreamHttpMethod": [ "GET" , "DELETE" ]
    },
    {
      "DownstreamPathTemplate": "/api/user/authenticate",
      "DownstreamScheme": "http",
      "DownstreamHostAndPorts": [
        {
          "Host": "localhost",
          "Port": "63742"
        }
      ],
      "UpstreamPathTemplate": "/user/authenticate",
      "UpstreamHttpMethod": [ "POST" ]
    },
    {
      "DownstreamPathTemplate": "/api/password/{id}",
      "DownstreamScheme": "http",
      "DownstreamHostAndPorts": [
        {
          "Host": "localhost",
          "Port": "63742"
        }
      ],
      "UpstreamPathTemplate": "/password/{id}",
      "UpstreamHttpMethod": [ "GET","DELETE" ]
    },
    {
      "DownstreamPathTemplate": "/api/password",
      "DownstreamScheme": "http",
      "DownstreamHostAndPorts": [
        {
          "Host": "localhost",
          "Port": "63742"
        }
      ],
      "UpstreamPathTemplate": "/password",
      "UpstreamHttpMethod": [ "POST" ]
    }
  ]
 }